Category,Word
animal,creature
animal,beast
animal,fauna
animal,fishlike
animal,fleshly
animal,carnal
animal,brute
animal,physical
animal,sensual
animal,dog
animal,pet
animal,wildlife
animal,pig
animal,pets
animal,livestock
animal,mammal
animal,veterinary
animal,veterinarian
animal,bird
animal,elephant
animal,bovine
animal,snake
animal,whale
animal,zoo
animal,horse
animal,cow
animal,zoological
animal,grizzly
animal,cattle
animal,husbandry
animal,hog
animal,beasts
animal,meat
animal,species
animal,rats
animal,equidae
animal,flocks
animal,zoology
animal,varmint
animal,reindeer
animal,animalistic
animal,flora
animal,beef
animal,anima
animal,rearing
animal,faun
animal,feed
animal,bone
animal,police
animal,bug
animal,monster
animal,bat
animal,secretory
animal,crusader
animal,silly
animal,secretion
animal,stock
animal,head
animal,gross
animal,stupid
animal,dumb
animal,the
animal,lap
animal,good
animal,ripe
animal,faune
animal,animale
animal,animales
animal,zootechnical
animal,tier
animal,critter
animal,cats
animal,theriomorphism
animal,zootechnics
animal,animalness
animal,felines
animal,zoophagy
animal,canine
architecture,structure
architecture,architectural
architecture,design
architecture,architect
architecture,architects
architecture,designs
architecture,layout
architecture,configuration
architecture,engineering
architecture,designing
architecture,structures
architecture,buildings
architecture,infrastructure
architecture,built
architecture,building
architecture,framework
architecture,fabric
architecture,edifice
architecture,structural
architecture,texture
architecture,system
architecture,construction
architecture,physiognomy
architecture,construct
architecture,vernacular
architecture,composition
architecture,arch
architecture,format
architecture,structured
architecture,mechanisms
architecture,pattern
architecture,mechanism
architecture,structuring
architecture,device
architecture,apparatus
architecture,body
architecture,determination
architecture,amara
architecture,paa
architecture,set-up
architecture,machinery
architecture,urbanism
architecture,brutalism
architecture,abstraction
architecture,classicism
architecture,bauhaus
architecture,art
architecture,contemporary
architecture,topology
architecture,modernist
architecture,morphosis
architecture,functionalist
architecture,columniation
architecture,scalability
architecture,multiprocessing
architecture,aesthetics
architecture,museology
architecture,interfaces
architecture,jugendstil
architecture,historicism
architecture,corbusier
architecture,extensible
architecture,autonomics
architecture,alhambresque
architecture,geometry
arts,humanities
arts,cultural
arts,artistic
arts,music
arts,artists
arts,civic
arts,literary
arts,artsy
arts,festivals
arts,crafts
arts,culture
arts,handicrafts
arts,creative
arts,artist
arts,literature
arts,craft
arts,gallery
arts,artwork
arts,heritage
arts,arty
arts,theatrical
arts,artistry
arts,lettres
arts,literatures
arts,artistes
arts,performers
arts,theatre
arts,works
arts,performances
arts,skills
arts,aesthetic
arts,artes
arts,film
arts,arte
arts,martial
arts,techno
arts,performing
arts,freestyle
arts,variety
arts,rta
arts,morals
arts,rhythmic
arts,sections
arts,kind
arts,letters
arts,kinds
arts,decency
arts,sort
arts,materials
arts,sorts
arts,souvenirs
arts,items
arts,species
arts,gears
arts,types
arts,wiles
arts,sects
arts,trades
arts,articles
arts,cca
arts,para
arts,gear
arts,physician
arts,nets
arts,doctors
arts,way
arts,canada
arts,sect
arts,doctor
arts,material
arts,limbs
arts,type
arts,chaps
arts,sec
arts,article
arts,aart
arts,artistique
arts,artworks
astronomy,uranology
astronomy,astronomer
astronomy,astronomers
astronomy,science
astronomy,celestial
astronomy,astronomical
astronomy,orbit
astronomy,ancient
astronomy,ark
astronomy,ship
astronomy,astrophysics
astronomy,cosmology
astronomy,observatory
astronomy,planetarium
astronomy,astrobiology
astronomy,meteorology
astronomy,astrophotography
astronomy,astrometry
astronomy,planetary
astronomy,astrology
astronomy,astro
astronomy,telescopes
astronomy,uranoscopy
astronomy,physics
astronomy,stargazing
astronomy,paleontology
astronomy,uranography
astronomy,stargazer
astronomy,seismology
astronomy,archeology
astronomy,astrometeorology
astronomy,selenology
astronomy,cometology
astronomy,ornithology
astronomy,constellations
astronomy,botany
astronomy,rocketry
astronomy,geodesy
astronomy,areology
astronomy,astrognosy
astronomy,mathematics
astronomy,physicists
astronomy,geology
astronomy,palaeontology
astronomy,geosciences
astronomy,areography
astronomy,auroras
astronomy,anthropology
astronomy,biology
astronomy,humanities
astronomy,ufology
astronomy,planets
astronomy,astrography
astronomy,pleiades
astronomy,climatology
astronomy,aeronautics
astronomy,heliology
astronomy,quasars
astronomy,archaeo
astronomy,sundials
astronomy,exoplanet
astronomy,earthshine
astronomy,nebulas
astronomy,cryptozoology
astronomy,pulsars
astronomy,museology
atmosphere,ambience
atmosphere,ambiance
atmosphere,aura
atmosphere,air
atmosphere,atm
atmosphere,vibe
atmosphere,environment
atmosphere,atmospheric
atmosphere,mood
atmosphere,climate
atmosphere,feeling
atmosphere,spirit
atmosphere,ambient
atmosphere,tone
atmosphere,stratosphere
atmosphere,ethos
atmosphere,situation
atmosphere,biosphere
atmosphere,culture
atmosphere,n2o
atmosphere,oxygen
atmosphere,co2
atmosphere,altitude
atmosphere,earth
atmosphere,troposphere
atmosphere,climatic
atmosphere,ozone
atmosphere,backdrop
atmosphere,sense
atmosphere,weather
atmosphere,sentiment
atmosphere,sphere
atmosphere,setting
atmosphere,sky
atmosphere,vent
atmosphere,context
atmosphere,background
atmosphere,meteorology
atmosphere,layer
atmosphere,airspace
atmosphere,meteorological
atmosphere,aria
atmosphere,hemisphere
atmosphere,midair
atmosphere,lifetime
atmosphere,ambit
atmosphere,airborne
atmosphere,amateur
atmosphere,flavour
atmosphere,joe
atmosphere,stack
atmosphere,airshed
atmosphere,mid-air
atmosphere,airforce
atmosphere,cover
atmosphere,hydrosphere
atmosphere,atmospherics
atmosphere,warmth
atmosphere,mesosphere
atmosphere,exosphere
atmosphere,milieu
atmosphere,atmospherology
atmosphere,geocorona
atmosphere,stratopause
atmosphere,anacoustic
atmosphere,nonaerobiotic
atmosphere,corposant
atmosphere,aeroscopy
atmosphere,camaraderie
atmosphere,dasymeter
atmosphere,conviviality
atmosphere,sympiesometer
atmosphere,atmos
atmosphere,surroundings
atmosphere,attitude
atmosphere,environs
sport,athletics
sport,sportsman
sport,sportswoman
sport,fun
sport,play
sport,disport
sport,lark
sport,boast
sport,nonresident
sport,cavort
sport,rollick
sport,mutation
sport,frolic
sport,skylark
sport,romp
sport,gambol
sport,mutant
sport,feature
sport,frisk
sport,racing
sport,athlete
sport,athletes
sport,sportsmen
sport,football
sport,multisport
sport,hockey
sport,soccer
sport,sportsmanship
sport,athletic
sport,badminton
sport,recreational
sport,coaches
sport,sportswomen
sport,taekwondo
sport,doping
sport,bobsleigh
sport,olympic
sport,skating
sport,player
sport,sportive
sport,sportfishing
sport,curling
sport,game
sport,discipline
sport,sportswear
sport,sporty
sport,gym
sport,champion
sport,jock
sport,games
sport,enthusiast
sport,adventure
sport,leisure
sport,champ
sport,playing
sport,pleasure
sport,gambler
sport,physical
sport,wear
sport,ballgame
sport,movement
sport,treadmill
sport,exercise
sport,mockery
sport,activity
sport,mate
sport,boy
sport,campaign
sport,buddy
sport,movements
sport,son
sport,jeux
sport,suv
sport,yuk
sport,diversion
sport,hong
sport,pal
sport,willy
house,mansion
house,home
house,family
house,household
house,theater
house,menage
house,firm
house,theatre
house,sign
house,bedroom
house,apartment
house,townhouse
house,residence
house,farmhouse
house,homes
house,villa
house,cottage
house,abode
house,shack
house,condo
house,castle
house,room
house,cabin
house,hut
house,property
house,backyard
house,building
house,dorm
house,flats
house,dwelling
house,loft
house,homestead
house,door
house,manor
house,chateau
house,firehouse
house,hall
house,estate
house,rooms
house,chimney
house,hotel
house,roof
house,buildings
house,palace
house,barrack
house,residential
house,compound
house,temple
house,barracks
house,dollhouse
house,foyer
house,store
house,fraternity
house,bunk
house,shelter
house,tent
house,flat
house,bunkhouse
house,headquarters
house,casa
house,floor
house,chamber
house,nursery
house,firebox
house,rooftop
house,edifice
house,sorority
house,palacio
house,deputies
house,doors
house,crib
house,enclosure
house,classroom
house,pavilion
house,hemicycle
house,domicile
bird,fowl
bird,chick
bird,birdwatch
bird,shuttlecock
bird,doll
bird,hiss
bird,shuttle
bird,hoot
bird,raspberry
bird,wench
bird,boo
bird,snort
bird,skirt
bird,birdie
bird,dame
bird,razzing
bird,owl
bird,raptor
bird,squirrel
bird,falcon
bird,avian
bird,waterfowl
bird,hummingbird
bird,sparrow
bird,pigeon
bird,seabird
bird,shorebird
bird,rooster
bird,turkey
bird,animal
bird,nesting
bird,duck
bird,species
bird,waterbirds
bird,nest
bird,eagle
bird,parakeet
bird,reptiles
bird,chipmunk
bird,avifauna
bird,cuckoo
bird,chicken
bird,nightingale
bird,pet
bird,hawk
bird,poultry
bird,thrush
bird,winged
bird,fishes
bird,ostrich
bird,breeding
bird,dove
bird,harlequin
bird,influenza
bird,drumstick
bird,prey
bird,feather
bird,flu
bird,helicopter
bird,virus
bird,flying
bird,helo
bird,air
bird,outbreak
bird,chopper
bird,nana
bird,ornis
bird,aves
bird,lark
bird,gentleman
bird,girl
bird,lonely
bird,byrd
bird,stuffer
bird,guy
bird,finger
bird,ave
bird,virginia
bird,coco
birthday,anniversary
birthday,jubilee
birthday,celebration
birthday,holiday
birthday,christmas
birthday,shindig
birthday,commemoration
birthday,party
birthday,xmas
birthday,birth
birthday,day
birthday,feast
birthday,milestone
birthday,year
birthday,born
birthday,festival
birthday,age
birthday,aged
birthday,years
birthday,anniversaire
birthday,birthdate
birthday,unbirthday
birthday,housewarming
birthday,valentine
birthday,occasion
birthday,reunion
birthday,yahrzeit
birthday,thanksgiving
birthday,halloween
birthday,fete
birthday,gift
birthday,soiree
birthday,luau
birthday,graduation
birthday,gala
birthday,dad
birthday,wedding
birthday,grandchild
birthday,natalitial
birthday,anniv
birthday,christening
birthday,hannukah
birthday,bridecake
birthday,merrymake
birthday,sleepover
birthday,godchild
birthday,homecoming
birthday,bash
birthday,quasquicentennial
birthday,festlich
birthday,grandson
birthday,centenary
birthday,granddaughter
birthday,dinner
birthday,birthnight
birthday,centennial
birthday,jubilar
birthday,grader
birthday,jubilarian
birthday,fortieth
birthday,quincentenary
birthday,christmases
birthday,niece
sea,ocean
sea,oceanic
sea,seafaring
sea,oceangoing
sea,seagoing
sea,shipboard
sea,offshore
sea,subocean
sea,overseas
sea,oversea
sea,deep-sea
sea,suboceanic
sea,oceans
sea,waters
sea,seawater
sea,seabed
sea,coast
sea,seaward
sea,maritime
sea,undersea
sea,marine
sea,vessel
sea,lake
sea,seashore
sea,water
sea,navy
sea,naval
sea,strait
sea,submarine
sea,ship
sea,waterway
sea,seafarers
sea,saltwater
sea,beach
sea,seaway
sea,nautical
sea,boat
sea,mariners
sea,seamen
sea,tide
sea,shore
sea,starfish
sea,overboard
sea,sailors
sea,navies
sea,pond
sea,marina
sea,seaside
sea,seaman
sea,lakes
sea,straits
sea,navigational
sea,ferry
sea,seabird
sea,sail
sea,fish
sea,marines
sea,sailor
sea,seafood
sea,expanse
sea,waterborne
sea,maritimes
sea,fisherman
sea,marinas
sea,mediterranean
sea,puddle
sea,aguas
sea,vastness
sea,baltic
sea,salt
sea,cabotage
sea,shipping
sea,navigation
sea,marin
sea,shanghai
sea,pool
sea,liner
sea,afloat
sea,quagmire
sea,eaux
cars,automobile
cars,motorcar
cars,auto
cars,railcar
cars,machine
cars,gondola
cars,vehicles
cars,automobiles
cars,trucks
cars,sedans
cars,vehicle
cars,vans
cars,buses
cars,autos
cars,engines
cars,motor
cars,lorries
cars,carriages
cars,motors
cars,trains
cars,motorists
cars,wheels
cars,carts
cars,wagons
cars,chariots
cars,automotive
cars,wagon
cars,tanks
cars,machines
cars,carloads
cars,boxcars
cars,units
cars,crates
cars,bogies
cars,rail
cars,bombs
cars,compartments
cars,warrants
cars,orders
cars,coaches
cars,grain
cars,blasts
cars,trials
cars,injunctions
cars,rac
cars,regt
cars,indictments
cars,tues
cars,cln
cars,writs
cars,makers
cars,automakers
cars,bacs
cars,racs
cars,railcars
cars,participant
cars,motorcycles
cars,bikes
cars,racecars
cars,junkers
cars,wheelers
cars,bicycles
cars,roadsters
cars,scooters
cars,coupes
cars,gtos
cars,garages
cars,teslas
cars,minivan
cars,vespas
cars,cruisers
cars,lamborghini
cars,jalopies
cars,sportscar
cars,camry
cars,tractors
camping,tenting
camping,encampment
camping,bivouacking
camping,campsite
camping,campground
camping,campgrounds
camping,backcountry
camping,camper
camping,park
camping,tent
camping,traveling
camping,parking
camping,wildlife
camping,motor
camping,primitive
camping,bare
camping,stopping
camping,campers
camping,campout
camping,backpacking
camping,overnighters
camping,hiking
camping,tenters
camping,picnicking
camping,kayaking
camping,hunting
camping,canoeing
camping,snowmobiling
camping,campfire
camping,caravanning
camping,trekking
camping,bushwalking
camping,snowshoeing
camping,fishing
camping,snorkeling
camping,hostelling
camping,stargazing
camping,lodging
camping,wilderness
camping,outdoors
camping,camporee
camping,rafting
camping,birding
camping,tramping
camping,spelunking
camping,canyoneering
camping,safari
camping,geocaching
camping,boating
camping,backpackers
camping,skiing
camping,firewood
camping,recreation
camping,bushcraft
camping,picnickers
camping,sleepover
camping,bivouacs
camping,paddling
camping,excursions
camping,tepees
camping,sightseeing
camping,vacation
camping,cabins
camping,sleeping
camping,yurt
camping,encampments
camping,tailgating
camping,bushwhacking
camping,mountaineering
camping,waterskiing
camping,bunking
camping,kayaked
colors,colours
colors,hues
colors,shades
colors,stripes
colors,colorful
colors,pigments
colors,dyes
colors,technicolor
colors,flags
colors,paints
colors,colour
colors,connotations
colors,tinges
colors,coloured
colors,nuances
colors,overtones
colors,face
colors,sights
colors,flushes
colors,alwan
colors,colorants
colors,colourants
colors,colourings
colors,mauves
colors,purple
colors,shapes
colors,palette
colors,fabrics
colors,blue
colors,textures
colors,tints
colors,coloration
colors,magenta
colors,suedes
colors,aquas
colors,motifs
colors,flavors
colors,neons
colors,turquoise
colors,wallpaper
colors,pink
colors,ochres
colors,styles
colors,orange
colors,pastels
colors,silks
colors,teal
colors,beiges
colors,yellows
colors,liveries
colors,iridescence
colors,brights
colors,reds
colors,grays
colors,browns
colors,goldish
colors,neutrals
colors,violet
colors,basecoat
colors,ultramarine
colors,duotone
colors,taupe
colors,oxblood
colors,pelage
colors,silhouettes
colors,pallette
colors,aquamarine
colors,woodgrain
colors,ecru
clothes,apparel
clothes,wear
clothes,vesture
clothes,garments
clothes,dresses
clothes,fashions
clothes,attire
clothes,uniforms
clothes,outfits
clothes,shirts
clothes,gowns
clothes,costumes
clothes,outerwear
clothes,garment
clothes,linens
clothes,robes
clothes,jackets
clothes,garbs
clothes,duds
clothes,dressing
clothes,vests
clothes,fatigues
clothes,suits
clothes,textiles
clothes,naked
clothes,washing
clothes,habits
clothes,children
clothes,straitjackets
clothes,threads
clothes,woodworking
clothes,plainclothes
clothes,claws
clothes,clones
clothes,inflatable
clothes,cases
clothes,affairs
clothes,guises
clothes,plain-clothes
clothes,pullovers
clothes,t-shirt
clothes,t-shirts
clothes,held
clothes,underwear
clothes,underclothes
clothes,jeans
clothes,undergarments
clothes,shoes
clothes,wardrobe
clothes,nighties
clothes,nightgowns
clothes,pajamas
clothes,undies
clothes,underclothing
clothes,socks
clothes,sweaters
clothes,sandals
clothes,denims
clothes,underpants
clothes,togs
clothes,diapers
clothes,nightclothes
clothes,frocks
clothes,woolens
clothes,sneakers
clothes,coats
clothes,nappies
clothes,pants
clothes,swimsuits
clothes,panties
clothes,trousers
clothes,footwear
clothes,woollens
clothes,negligees
clothes,underthings
clothes,knickers
clothes,nightwear
clothes,sweatpants
cooking,cookery
cooking,cuisine
cooking,baking
cooking,kitchen
cooking,culinary
cooking,frying
cooking,kitchens
cooking,stove
cooking,cooker
cooking,cookbook
cooking,oven
cooking,chef
cooking,recipe
cooking,food
cooking,bake
cooking,meal
cooking,edible
cooking,vegetable
cooking,eat
cooking,dining
cooking,fry
cooking,pans
cooking,dinner
cooking,pantry
cooking,catering
cooking,boiling
cooking,heating
cooking,lunch
cooking,baked
cooking,boil
cooking,burning
cooking,galley
cooking,boiled
cooking,preparation
cooking,tapioca
cooking,fire
cooking,consumption
cooking,preparing
cooking,raw
cooking,prepare
cooking,icebox
cooking,spinning
cooking,nook
cooking,firing
cooking,cure
cooking,braising
cooking,recipes
cooking,dishes
cooking,crockpot
cooking,barbecuing
cooking,casserole
cooking,stovetop
cooking,sauteing
cooking,wok
cooking,cookware
cooking,griller
cooking,lasagna
cooking,fryer
cooking,saucing
cooking,risotto
cooking,soapmaking
cooking,pasta
cooking,chargrill
cooking,fondue
cooking,boucherie
cooking,eating
cooking,barbeque
cooking,kadai
cooking,seasonings
cooking,spatchcock
cooking,sterno
cooking,chefs
cooking,koshering
food,nutrient
food,foodstuffs
food,meals
food,foodstuff
food,nutritious
food,meat
food,meal
food,nutrition
food,gourmet
food,groceries
food,grocery
food,restaurants
food,nutritional
food,eat
food,rice
food,cooking
food,cereal
food,snack
food,comestibles
food,rations
food,grub
food,eating
food,cuisine
food,sustenance
food,bread
food,hungry
food,edible
food,alimentary
food,alimentation
food,provender
food,restaurant
food,nourishment
food,petfood
food,feed
food,feeding
food,buffet
food,hunger
food,forage
food,dining
food,agriculture
food,chow
food,culinary
food,lunch
food,gastronomic
food,malnutrition
food,eats
food,supper
food,agricultural
food,grain
food,catering
food,ration
food,starvation
food,kitchen
food,fuel
food,gastronomy
food,refreshment
food,dinner
food,subsistence
food,diet
food,dietary
food,dish
food,drinking
food,staple
food,commodity
food,products
food,diner
food,supply
food,livelihood
food,foraging
food,fed
food,feeds
food,fresh
food,fodder
food,eater
food,feedstock
food,potable
food,living
food,fuels
food,dieting
food,consumption
country,nation
country,state
country,commonwealth
country,area
country,western
country,rural
country,nationality
country,folk
country,land
country,hillbilly
country,nonclassical
country,country-bred
country,country-style
country,region
country,world
country,national
country,republic
country,homeland
country,regions
country,foreign
country,motherland
country,countryside
country,nations
country,kingdom
country,economy
country,nationwide
country,fatherland
country,government
country,nationally
country,states
country,international
country,zambia
country,border
country,federation
country,domestically
country,economies
country,nationals
country,territory
country,foreigner
country,population
country,patriotic
country,domestic
country,nigeria
country,suriname
country,libya
country,coast
country,pakistan
country,namibia
country,drc
country,libyan
country,syria
country,zimbabwe
country,party
country,korea
country,iceland
country,situation
country,jurisdictions
country,malta
country,one
country,earth
country,japan
country,county
country,landscape
country,mauritania
country,village
country,germany
country,kyrgyzstan
country,nepal
country,tanzania
country,kazakhstan
country,india
country,herzegovina
country,soil
country,afghanistan
country,field
country,egypt
town,townspeople
town,township
town,townsfolk
town,village
town,city
town,municipality
town,villages
town,district
town,neighborhood
town,hometown
town,borough
town,burg
town,municipal
town,area
town,community
town,downtown
town,locality
town,subdivision
town,municipalities
town,street
town,metropolis
town,local
town,conurbation
town,cities
town,province
town,commune
town,localities
town,castle
town,pueblo
town,ville
town,neighbourhood
town,uptown
town,location
town,timbuktu
town,population
town,urban
town,quartier
town,boroughs
town,here
town,agglomeration
town,capital
town,mall
town,people
town,planning
town,urbanism
town,citadel
town,townhall
town,place
town,metropolitan
town,villas
town,corner
town,travel
town,ciudad
town,wanted
town,urbanization
town,trip
town,midtown
town,stadt
town,urbana
town,hebron
town,journey
town,wished
town,chap
town,peoples
town,urbain
town,eureka
town,voyage
town,hui
town,coronado
town,zhen
town,georgetown
town,market
town,banff
town,shinbone
town,london
town,fallujah
town,jericho
town,wedge
town,symposium
town,nablus
driving,motoring
driving,dynamic
driving,impulsive
driving,energetic
driving,dynamical
driving,speeding
driving,driver
driving,drivers
driving,traveling
driving,wheel
driving,vehicle
driving,car
driving,riding
driving,motorists
driving,piloting
driving,traffic
driving,pushing
driving,propelling
driving,steering
driving,ride
driving,moving
driving,powering
driving,road
driving,bringing
driving,guiding
driving,flying
driving,walking
driving,trucker
driving,vehicular
driving,motor
driving,running
driving,fueling
driving,highway
driving,taking
driving,chauffeur
driving,motivating
driving,navigating
driving,license
driving,tractive
driving,push
driving,pursuing
driving,factor
driving,rolling
driving,behavior
driving,causing
driving,carrying
driving,operating
driving,fostering
driving,advancing
driving,boosting
driving,stealing
driving,conducting
driving,furthering
driving,factors
driving,engine
driving,forcing
driving,promoting
driving,golf
driving,directing
driving,leading
driving,encouraging
driving,stimulating
driving,rocking
driving,led
driving,travelling
driving,ejecting
driving,handling
driving,flywheel
driving,traction
driving,flowing
driving,route
driving,testing
driving,leads
driving,test
driving,roll
driving,pilot
driving,operate
driving,rider
driving,rubbing
driving,conveyance
family,house
family,kinfolk
family,home
family,kin
family,household
family,kinsfolk
family,fellowship
family,class
family,folk
family,menage
family,category
family,sept
family,kinsperson
family,phratry
family,relatives
family,siblings
family,father
family,wife
family,clan
family,parents
family,uncles
family,community
family,familial
family,life
family,children
family,caring
family,breadwinner
family,child
family,brood
family,caregiver
family,married
family,fam
family,homes
family,marital
family,parent
family,familie
family,marriage
family,kinship
family,relative
family,familia
family,dependents
family,dynasty
family,cottage
family,lineage
family,couple
family,surname
family,genealogical
family,foster
family,matrimonial
family,parental
family,parenting
family,households
family,parenthood
family,homey
family,casa
family,care
family,housework
family,captivity
family,portfolio
family,progeny
family,close
family,patronymic
family,domestic
family,relatedness
family,famille
family,folks
family,descent
family,carnival
family,plans
family,countries
family,plan
family,prisoner
family,range
family,dependency
family,pedigree
family,captives
family,ilk
family,foyer
flowers,bloom
flowers,blossom
flowers,efflorescence
flowers,peak
flowers,flush
flowers,prime
flowers,heyday
flowers,roses
flowers,bouquets
flowers,carnations
flowers,daisies
flowers,wreaths
flowers,floral
flowers,blooms
flowers,blossoms
flowers,orchids
flowers,wildflowers
flowers,trees
flowers,ornamental
flowers,flora
flowers,florets
flowers,plants
flowers,flores
flowers,perfumes
flowers,floras
flowers,rose
flowers,tulips
flowers,lilies
flowers,daffodils
flowers,poinsettias
flowers,chrysanthemums
flowers,gladiolas
flowers,sunflowers
flowers,gladioluses
flowers,marigolds
flowers,posies
flowers,gardenias
flowers,petals
flowers,lillies
flowers,geraniums
flowers,petunias
flowers,sweetpeas
flowers,crinum
flowers,alstroemeria
flowers,wreathes
flowers,mandevilla
flowers,peonies
flowers,hydrangeas
flowers,ixora
flowers,honeysuckles
flowers,lilacs
flowers,plumeria
flowers,primroses
flowers,greenery
flowers,nosegay
flowers,hollyhocks
flowers,anthurium
flowers,rosebushes
flowers,cyclamen
flowers,zinnias
flowers,begonias
flowers,dahlias
flowers,violets
flowers,annuals
flowers,cymbidiums
flowers,pansies
flowers,statice
flowers,phalaenopsis
flowers,narcissi
flowers,coneflowers
flowers,jonquils
flowers,gerbera
flowers,pistils
flowers,poppies
flowers,berries
fruit,yield
fruit,berries
fruit,berry
fruit,apple
fruit,pear
fruit,apples
fruit,vegetables
fruit,vegetable
fruit,grapefruit
fruit,pineapple
fruit,orchard
fruit,prunes
fruit,succulent
fruit,harvest
fruit,lime
fruit,seafood
fruit,shellfish
fruit,nuts
fruit,blossom
fruit,pudding
fruit,produce
fruit,fresh
fruit,product
fruit,rewards
fruit,fruitful
fruit,pago
fruit,result
fruit,stuff
fruit,consequence
fruit,benefits
fruit,growing
fruit,outcome
fruit,results
fruit,payoff
fruit,fruition
fruit,output
fruit,fag
fruit,crystallization
fruit,gains
fruit,dividends
fruit,dividend
fruit,achievement
fruit,outgrowth
fruit,benefit
fruit,difference
fruit,effect
fruit,culmination
fruit,avail
fruit,brainchild
fruit,success
fruit,successful
fruit,kwo
fruit,relevancy
fruit,clown
fruit,figment
fruit,blackspot
fruit,frutos
fruit,guo
fruit,oaa
fruit,obst
fruit,ffv
fruit,mango
fruit,peach
fruit,cherries
fruit,pears
fruit,grapes
fruit,peaches
fruit,apricots
fruit,strawberries
fruit,avocados
fruit,plums
fruit,melon
fruit,raspberries
fruit,oranges
fruit,pineapples
fruit,blueberries
fruit,eggfruit
fruit,citrus
fruit,tomato
vegetable,veggie
vegetable,vegetal
vegetable,vegetative
vegetable,vegetational
vegetable,veg
vegetable,cabbage
vegetable,fruit
vegetable,okra
vegetable,radish
vegetable,salad
vegetable,beet
vegetable,apple
vegetable,horticulture
vegetable,legume
vegetable,cooking
vegetable,noodle
vegetable,garden
vegetable,herbal
vegetable,crop
vegetable,botanical
vegetable,dish
vegetable,meal
vegetable,cuisine
vegetable,plants
vegetable,steamed
vegetable,wood
vegetable,plant
vegetable,greens
vegetable,choi
vegetable,produce
vegetable,vegetation
vegetable,perennial
vegetable,green
vegetable,shell
vegetable,lump
vegetable,result
vegetable,mein
vegetable,wane
vegetable,shot
vegetable,ark
vegetable,ciat
vegetable,khidr
vegetable,purees
vegetable,revegetation
vegetable,arch
vegetable,broccoli
vegetable,tomato
vegetable,potato
vegetable,cauliflower
vegetable,kale
vegetable,onion
vegetable,asparagus
vegetable,spinach
vegetable,garlic
vegetable,celery
vegetable,lettuce
vegetable,cucumber
vegetable,mango
vegetable,jackfruit
vegetable,melons
vegetable,strawberry
vegetable,sunflower
vegetable,bhindi
vegetable,bourride
vegetable,borecole
vegetable,chilli
vegetable,avocado
vegetable,pomelo
vegetable,radishes
vegetable,rice
geography,geographics
geography,geographic
geography,geographical
geography,topography
geography,geographically
geography,geo
geography,spatial
geography,geological
geography,terrain
geography,location
geography,topographic
geography,land
geography,territory
geography,easy
geography,geografia
geography,geology
geography,geomorphology
geography,demography
geography,mathematics
geography,biogeography
geography,anthropology
geography,cartography
geography,geopolitics
geography,linguistics
geography,economics
geography,ecology
geography,botany
geography,biology
geography,sociology
geography,science
geography,hydrology
geography,math
geography,zoology
geography,geosciences
geography,oceanography
geography,hydrogeology
geography,anthropogeography
geography,demographics
geography,calculus
geography,humanities
geography,hyetography
geography,geographers
geography,ethnicity
geography,archeology
geography,geographer
geography,areography
geography,hexicology
geography,agrology
geography,anthropobiology
geography,mesology
geography,dynamics
geography,biolinguistics
geography,meteorology
geography,polynomials
geography,longitudes
geography,bioclimatology
geography,paleoecology
geography,sociolinguistics
geography,chorology
geography,combinatorics
geography,arithmetic
geography,macroeconomics
geography,prehistory
geography,diversity
geography,religion
geography,remoteness
geography,significs
geography,cultural
geography,biometeorology
geography,vagaries
history,chronicle
history,story
history,account
history,annals
history,lore
history,record
history,heritage
history,ever
history,historical
history,tradition
history,historiography
history,historic
history,historian
history,chronology
history,legacy
history,records
history,historically
history,antecedent
history,past
history,time
history,evolution
history,experience
history,saga
history,genesis
history,memory
history,stories
history,tale
history,pedigree
history,anecdote
history,landmark
history,background
history,context
history,narrative
history,existence
history,life
history,storytelling
history,thing
history,posterity
history,course
history,dates
history,journey
history,cycle
history,reputation
history,relationship
history,about
history,stuff
history,storyline
history,habit
history,backgrounds
history,trajectory
history,whole
history,joke
history,profile
history,path
history,spent
history,mess
history,yarn
history,historia
history,date
history,chronic
history,backdrop
history,episode
history,deal
history,affair
history,romance
history,over
history,round
history,experiment
history,news
history,ago
history,histoire
history,shi
history,matter
history,chestnut
history,anal
history,plot
history,business
history,symptomatology
history,jamboree
history,fuss
job,work
job,employment
job,task
job,chore
job,subcontract
job,problem
job,speculate
job,caper
job,hiring
job,position
job,assignments
job,duties
job,positions
job,unemployed
job,assignment
job,employer
job,workforce
job,gig
job,tenure
job,career
job,legwork
job,workload
job,tasks
job,staff
job,occupations
job,employments
job,thing
job,posts
job,worked
job,working
job,role
job,vocation
job,profession
job,unemployment
job,tradesperson
job,careers
job,staffing
job,workers
job,recruitment
job,business
job,employee
job,homework
job,worker
job,post
job,responsibility
job,way
job,contract
job,workplace
job,employed
job,office
job,labor
job,situation
job,stuff
job,livelihood
job,appointment
job,professional
job,spot
job,workday
job,vocational
job,fired
job,mission
job,service
job,forte
job,challenge
job,workplaces
job,duty
job,competence
job,employ
job,occupational
job,works
job,effort
job,force
job,seat
job,trades
job,functions
job,place
job,stunt
job,worksite
job,grind
military,expeditionary
military,noncombatant
military,combatant
military,soldierly
military,militaristic
military,martial
military,warlike
military,soldierlike
military,warriorlike
military,army
military,civilian
military,naval
military,miliary
military,soldiers
military,troops
military,servicemen
military,soldier
military,troop
military,militarily
military,forces
military,garrison
military,paramilitary
military,combat
military,war
military,uniformed
military,militant
military,serviceman
military,militia
military,idf
military,personnel
military,solders
military,junta
military,armies
military,warfare
military,warship
military,militarized
military,militar
military,command
military,warplane
military,enlistment
military,militarist
military,gunship
military,veterans
military,armed
military,soldiering
military,militarism
military,corps
military,gendarmerie
military,warlord
military,uniform
military,force
military,defense
military,officers
military,fighter
military,hostilities
military,defence
military,arms
military,contingents
military,operational
military,warhead
military,bellicose
military,state
military,armadas
military,service
military,contingent
military,belligerent
military,militate
military,askari
military,officer
military,members
military,pla
military,lord
military,outfits
military,pers
military,kara
military,jun
military,mbr
military,kwan
military,member
music,euphony
music,medicine
music,jazz
music,musicians
music,songs
music,musical
music,musician
music,song
music,concerts
music,bands
music,band
music,dance
music,entertainment
music,melody
music,concert
music,singing
music,composer
music,artists
music,album
music,orchestra
music,soundtrack
music,arts
music,phonographic
music,pop
music,musica
music,rock
music,recording
music,symphony
music,singer
music,sound
music,artist
music,stereo
music,lyric
music,audio
music,anthem
music,jamming
music,funk
music,playback
music,orchestre
music,musique
music,repertoire
music,jam
music,tune
music,conservatory
music,disc
music,fun
music,copyright
music,stuff
music,playing
music,recorder
music,kinda
music,joy
music,play
music,upbeat
music,happiness
music,industry
music,kum
music,record
music,clip
music,records
music,piece
music,pieces
music,partition
music,canada
music,donkey
music,score
music,coral
music,deutscher
music,lok
music,yue
music,drill
music,genera
music,decreasing
music,increasing
music,lock
music,cmf
music,moh
music,musicales
ocean,sea
ocean,oceanic
ocean,seas
ocean,seawater
ocean,waters
ocean,seafloor
ocean,oceanography
ocean,oceanographic
ocean,marine
ocean,seabed
ocean,coast
ocean,water
ocean,pelagic
ocean,pond
ocean,seaway
ocean,strait
ocean,offshore
ocean,marina
ocean,seafaring
ocean,maritime
ocean,expanse
ocean,maritimes
ocean,pacific
ocean,seagoing
ocean,mariners
ocean,naval
ocean,navies
ocean,seafarers
ocean,navy
ocean,sailors
ocean,atlantic
ocean,brine
ocean,sailor
ocean,seamen
ocean,seaman
ocean,marin
ocean,shipping
ocean,marines
ocean,liner
ocean,surroundings
ocean,bucket
ocean,yang
ocean,midstream
ocean,indian
ocean,mer
ocean,mori
ocean,bedford
ocean,perimeter
ocean,periphery
ocean,more
ocean,hoi
ocean,enroute
ocean,national
ocean,mare
ocean,bahr
ocean,yat
ocean,main
ocean,marinos
ocean,oceana
ocean,sealift
ocean,yeung
ocean,trademark
ocean,welter
ocean,reef
ocean,lagoon
ocean,coastal
ocean,beach
ocean,seamount
ocean,hydrospace
ocean,coastlines
ocean,intertidal
school,schoolhouse
school,schooltime
school,train
school,educate
school,cultivate
school,civilize
school,shoal
school,elementary
school,kindergarten
school,classroom
school,teacher
school,teachers
school,students
school,college
school,classrooms
school,student
school,pupils
school,preschool
school,pupil
school,curriculum
school,university
school,education
school,graduation
school,academic
school,scholastic
school,teaching
school,colleges
school,classes
school,principals
school,curricular
school,schoolchildren
school,grade
school,campuses
school,academy
school,schoolwork
school,academies
school,dropout
school,textbooks
school,tuition
school,campus
school,instructional
school,schoolyard
school,faculty
school,curricula
school,lyceum
school,baccalaureate
school,educational
school,learning
school,schoolchild
school,class
school,instruction
school,schoolroom
school,secondary
school,textbook
school,courses
school,archdiocese
school,pedagogical
school,enrolment
school,attendance
school,karate
school,high
school,blackboard
school,lesson
school,studying
school,faculties
school,course
school,institute
school,locker
school,ecole
school,institution
school,courts
school,studio
school,caf
school,level
school,institutes
school,bar
school,training
school,unis
school,escuela
school,studies
science,skill
science,biology
science,scientific
science,humanities
science,astronomy
science,scientist
science,scientists
science,economics
science,research
science,academic
science,education
science,technology
science,scientifically
science,studies
science,lab
science,technological
science,forensic
science,scholarly
science,disciplines
science,veda
science,learning
science,knowledge
science,lesson
science,scholarship
science,recherche
science,discipline
science,ved
science,guise
science,branch
science,search
science,alam
science,alom
science,ciencia
science,goe
science,scientifique
science,swp
science,wissenschaft
science,flag
science,tricolor
science,mathematics
science,biochemistry
science,biomedical
science,physics
science,hexicology
science,neuroscience
science,unscience
science,dianoialogy
science,anthropology
science,actinochemistry
science,math
science,oceanography
science,limnology
science,climatology
science,astrophysics
science,anthropobiology
science,botany
science,bioclimatology
science,zoology
science,meteorology
science,paleontology
science,museology
science,biometeorology
science,magnetician
weather,upwind
weather,windward
weather,endure
weather,brave
weather,rain
weather,winter
weather,meteorological
weather,conditions
weather,temperatures
weather,storm
weather,climate
weather,cold
weather,weatherman
weather,meteorology
weather,climatological
weather,meteorologist
weather,temps
weather,climatology
weather,temperature
weather,climatic
weather,forecast
weather,metrological
weather,atmospheric
weather,heat
weather,synoptic
weather,forecasts
weather,air
weather,environment
weather,atmosphere
weather,phenomena
weather,season
weather,sky
weather,cloud
weather,withstand
weather,times
weather,days
weather,aerial
weather,airborne
weather,time
weather,survive
weather,midair
weather,long
weather,joe
weather,overcome
weather,airforce
weather,meantime
weather,airbase
weather,absorb
weather,gold
weather,resist
weather,while
weather,wipe
weather,magazine
weather,rooney
weather,ilm
weather,meteosat
weather,mid-air
weather,weatherwise
weather,snow
weather,thunderstorm
weather,snowfall
weather,humidity
weather,snowstorm
weather,precipitation
weather,rainfall
weather,rainstorm
weather,monsoon
weather,downpour
weather,blizzard
weather,cloudy
weather,aweather
weather,droughtiness
weather,overweather
weather,storms
